,Date,Predicted
0,2011-01-18,0
1,2011-01-19,1
2,2011-01-18,0
3,2011-01-19,1
4,2011-01-20,0
5,2011-01-21,0
6,2011-01-22,0
7,2011-01-23,0
8,2011-01-18,1
9,2011-01-19,0
10,2011-01-20,0
11,2011-01-21,0
12,2011-01-22,0
13,2011-01-23,0
14,2011-01-23,0
15,2011-03-06,0
16,2011-03-07,0
17,2011-03-08,0
18,2011-03-09,0
19,2011-03-10,0
20,2011-03-11,0
21,2011-03-12,0
22,2011-03-13,0
23,2011-03-13,0
24,2011-03-06,0
25,2011-03-07,0
26,2011-03-08,1
27,2011-03-09,0
28,2011-03-10,0
29,2011-03-11,0
30,2011-03-12,0
31,2011-03-13,0
32,2011-03-10,0
33,2011-03-11,0
34,2011-03-13,0
35,2011-03-14,0
36,2011-03-11,0
37,2011-03-12,0
38,2011-03-13,0
39,2011-03-14,0
40,2011-03-15,0
41,2011-03-15,0
42,2011-03-19,0
43,2011-03-19,1
44,2011-03-21,0
45,2011-03-22,1
46,2011-03-23,0
47,2011-03-24,0
48,2011-03-25,0
49,2011-03-26,0
50,2011-03-27,0
51,2011-03-21,0
52,2011-03-22,0
53,2011-03-23,0
54,2011-03-24,0
55,2011-03-26,1
56,2011-03-27,0
57,2011-03-27,0
58,2011-03-27,0
59,2011-04-03,0
60,2011-04-04,0
61,2011-04-05,0
62,2011-04-06,0
63,2011-04-07,0
64,2011-04-08,0
65,2011-04-09,1
66,2011-04-09,0
67,2011-04-10,0
68,2011-04-17,0
69,2011-04-20,1
70,2011-04-24,1
71,2011-04-27,0
72,2011-04-28,0
73,2011-04-29,0
74,2011-04-30,0
75,2011-05-01,1
76,2011-05-01,0
77,2011-05-29,1
78,2011-05-08,0
79,2011-05-09,0
80,2011-05-10,0
81,2011-05-11,0
82,2011-05-12,0
83,2011-05-13,0
84,2011-05-14,0
85,2011-05-15,0
86,2011-05-17,0
87,2011-05-18,0
88,2011-05-19,0
89,2011-05-20,0
90,2011-05-21,0
91,2011-05-22,0
92,2011-05-24,0
93,2011-05-25,0
94,2011-05-26,0
95,2011-05-27,0
96,2011-05-28,0
97,2011-05-29,0
98,2011-06-06,0
99,2011-06-07,0
100,2011-06-08,0
101,2011-06-09,0
102,2011-06-10,0
103,2011-06-11,1
104,2011-06-12,0
105,2011-06-12,1
106,2011-06-12,0
107,2011-06-13,0
108,2011-06-14,0
109,2011-06-15,0
110,2011-06-16,0
111,2011-06-17,0
112,2011-06-18,0
113,2011-06-19,0
114,2011-06-19,0
115,2011-07-02,0
116,2011-07-04,0
117,2011-07-05,0
118,2011-07-06,0
119,2011-07-07,0
120,2011-07-08,0
121,2011-07-09,0
122,2011-07-10,0
123,2011-07-12,0
124,2011-07-13,1
125,2011-07-14,0
126,2011-07-15,0
127,2011-07-16,0
128,2011-07-17,1
129,2011-07-19,0
130,2011-07-20,0
131,2011-07-21,0
132,2011-07-22,0
133,2011-07-23,0
134,2011-07-24,0
135,2011-07-24,1
136,2011-07-30,1
137,2011-07-31,0
138,2011-08-01,0
139,2011-08-02,0
140,2011-08-03,0
141,2011-08-04,0
142,2011-08-05,0
143,2011-08-06,0
144,2011-08-06,0
145,2011-08-09,1
146,2011-08-10,1
147,2011-08-11,0
148,2011-08-12,0
149,2011-08-13,0
150,2011-08-14,0
151,2011-08-14,0
152,2011-08-21,0
153,2011-08-22,0
154,2011-08-23,0
155,2011-08-24,0
156,2011-08-25,0
157,2011-08-26,0
158,2011-08-27,0
159,2011-08-28,0
160,2011-08-29,0
161,2011-08-31,0
162,2011-09-01,0
163,2011-09-02,0
164,2011-09-03,0
165,2011-09-04,0
166,2011-09-06,0
167,2011-09-07,0
168,2011-09-08,0
169,2011-09-09,0
170,2011-09-10,0
171,2011-09-11,0
172,2011-09-11,0
173,2011-08-28,0
174,2011-09-09,1
175,2011-09-11,0
176,2011-10-05,0
177,2011-10-06,0
178,2011-10-07,0
179,2011-10-08,0
180,2011-10-09,0
181,2011-10-09,0
182,2011-10-15,0
183,2012-01-17,1
184,2012-01-18,0
185,2012-01-19,1
186,2012-01-20,0
187,2012-01-21,0
188,2012-01-22,1
189,2012-01-22,0
190,2012-03-05,0
191,2012-03-06,1
192,2012-03-07,0
193,2012-03-08,0
194,2012-03-09,0
195,2012-03-10,0
196,2012-03-11,0
197,2012-03-11,0
198,2012-03-08,0
199,2012-03-09,0
200,2012-03-10,0
201,2012-03-11,0
202,2012-03-12,0
203,2012-03-13,1
204,2012-03-13,0
205,2012-03-17,1
206,2012-03-19,0
207,2012-03-20,0
208,2012-03-21,0
209,2012-03-22,0
210,2012-03-23,0
211,2012-03-24,0
212,2012-03-25,0
213,2012-03-25,1
214,2012-03-23,1
215,2012-03-25,1
216,2012-04-01,1
217,2012-04-02,0
218,2012-04-03,0
219,2012-04-04,1
220,2012-04-05,0
221,2012-04-06,1
222,2012-04-07,1
223,2012-04-07,0
224,2012-04-08,1
225,2012-04-15,0
226,2012-04-18,0
227,2012-04-22,0
228,2012-04-25,0
229,2012-04-26,0
230,2012-04-27,0
231,2012-04-28,1
232,2012-04-29,0
233,2012-04-29,1
234,2012-05-05,0
235,2012-05-06,0
236,2012-05-07,0
237,2012-05-10,1
238,2012-05-11,0
239,2012-05-12,0
240,2012-05-13,0
241,2012-05-14,0
242,2012-05-15,1
243,2012-05-16,0
244,2012-05-17,0
245,2012-05-18,0
246,2012-05-19,0
247,2012-05-20,0
248,2012-05-22,0
249,2012-05-23,1
250,2012-05-24,0
251,2012-05-25,0
252,2012-05-26,0
253,2012-05-27,0
254,2012-05-27,0
255,2012-06-04,0
256,2012-06-05,0
257,2012-06-06,0
258,2012-06-07,0
259,2012-06-08,0
260,2012-06-09,0
261,2012-06-10,1
262,2012-06-10,0
263,2012-06-10,0
264,2012-06-11,0
265,2012-06-12,1
266,2012-06-13,0
267,2012-06-14,1
268,2012-06-15,0
269,2012-06-16,0
270,2012-06-17,0
271,2012-06-17,0
272,2012-07-01,0
273,2012-07-02,1
274,2012-07-03,0
275,2012-07-04,0
276,2012-07-05,0
277,2012-07-06,1
278,2012-07-07,0
279,2012-07-08,0
280,2012-07-09,0
281,2012-07-11,0
282,2012-07-12,0
283,2012-07-13,0
284,2012-07-14,0
285,2012-07-15,0
286,2012-07-16,0
287,2012-07-18,0
288,2012-07-19,0
289,2012-07-20,0
290,2012-07-21,0
291,2012-07-22,0
292,2012-07-22,0
293,2012-07-10,0
294,2012-07-11,0
295,2012-07-12,0
296,2012-07-13,0
297,2012-07-14,1
298,2012-07-15,0
299,2012-07-16,0
300,2012-07-16,0
301,2012-08-06,0
302,2012-08-08,0
303,2012-08-09,0
304,2012-08-10,0
305,2012-08-11,0
306,2012-08-12,0
307,2012-08-12,0
308,2012-08-14,0
309,2012-08-19,0
310,2012-08-20,0
311,2012-08-21,0
312,2012-08-22,0
313,2012-08-23,1
314,2012-08-24,0
315,2012-08-25,0
316,2012-08-26,0
317,2012-08-28,0
318,2012-08-29,0
319,2012-08-30,1
320,2012-08-31,0
321,2012-09-01,1
322,2012-09-02,0
323,2012-09-03,0
324,2012-09-05,0
325,2012-09-06,0
326,2012-09-07,0
327,2012-09-08,0
328,2012-09-09,0
329,2012-09-09,0
330,2012-08-19,0
331,2012-08-26,0
332,2012-09-07,1
333,2012-09-09,0
334,2012-09-29,0
335,2012-10-09,0
336,2012-10-10,0
337,2012-10-11,0
338,2012-10-12,0
339,2012-10-13,0
340,2012-10-13,0
341,2013-01-22,1
342,2013-01-23,0
343,2013-01-24,1
344,2013-01-25,1
345,2013-01-26,0
346,2013-01-27,1
347,2013-01-27,0
348,2013-03-04,0
349,2013-03-05,0
350,2013-03-06,0
351,2013-03-07,0
352,2013-03-08,0
353,2013-03-09,0
354,2013-03-10,1
355,2013-03-10,1
356,2013-03-07,0
357,2013-03-08,0
358,2013-03-09,0
359,2013-03-10,0
360,2013-03-11,0
361,2013-03-12,0
362,2013-03-12,0
363,2013-03-17,1
364,2013-03-18,0
365,2013-03-19,1
366,2013-03-20,0
367,2013-03-21,0
368,2013-03-22,0
369,2013-03-23,0
370,2013-03-24,0
371,2013-03-24,0
372,2013-03-22,1
373,2013-03-24,1
374,2013-03-31,0
375,2013-04-01,1
376,2013-04-02,0
377,2013-04-03,0
378,2013-04-04,0
379,2013-04-05,1
380,2013-04-06,0
381,2013-04-06,0
382,2013-04-07,1
383,2013-04-14,0
384,2013-04-17,0
385,2013-04-21,1
386,2013-04-24,0
387,2013-04-25,0
388,2013-04-26,0
389,2013-04-27,0
390,2013-04-28,0
391,2013-04-28,0
392,2013-05-04,0
393,2013-05-06,0
394,2013-05-07,0
395,2013-05-08,0
396,2013-05-09,1
397,2013-05-10,0
398,2013-05-11,0
399,2013-05-12,0
400,2013-05-14,0
401,2013-05-15,0
402,2013-05-16,1
403,2013-05-17,1
404,2013-05-18,0
405,2013-05-19,0
406,2013-05-21,0
407,2013-05-22,0
408,2013-05-23,0
409,2013-05-25,1
410,2013-05-26,1
411,2013-05-26,0
412,2013-06-02,0
413,2013-06-03,0
414,2013-06-04,0
415,2013-06-05,0
416,2013-06-06,0
417,2013-06-07,0
418,2013-06-08,0
419,2013-06-09,0
420,2013-06-09,0
421,2013-06-08,0
422,2013-06-09,0
423,2013-06-10,0
424,2013-06-11,0
425,2013-06-12,0
426,2013-06-13,0
427,2013-06-14,0
428,2013-06-15,1
429,2013-06-16,0
430,2013-06-16,0
431,2013-06-29,0
432,2013-06-30,0
433,2013-07-01,0
434,2013-07-03,1
435,2013-07-04,0
436,2013-07-05,0
437,2013-07-06,0
438,2013-07-07,0
439,2013-07-09,0
440,2013-07-10,0
441,2013-07-11,0
442,2013-07-12,1
443,2013-07-13,0
444,2013-07-14,0
445,2013-07-16,0
446,2013-07-17,0
447,2013-07-18,0
448,2013-07-19,0
449,2013-07-20,0
450,2013-07-21,0
451,2013-07-21,0
452,2013-07-27,0
453,2013-07-28,0
454,2013-07-30,0
455,2013-07-31,0
456,2013-08-01,0
457,2013-08-02,0
458,2013-08-03,0
459,2013-08-03,0
460,2013-07-27,0
461,2013-08-12,0
462,2013-08-13,0
463,2013-08-14,0
464,2013-08-15,1
465,2013-08-16,0
466,2013-08-17,0
467,2013-08-18,0
468,2013-08-18,0
469,2013-08-25,0
470,2013-08-26,0
471,2013-08-27,0
472,2013-08-28,0
473,2013-08-29,0
474,2013-08-30,0
475,2013-08-31,0
476,2013-09-01,0
477,2013-09-02,0
478,2013-09-04,0
479,2013-09-05,0
480,2013-09-06,0
481,2013-09-07,0
482,2013-09-08,0
483,2013-09-09,0
484,2013-09-11,0
485,2013-09-12,0
486,2013-09-13,0
487,2013-09-14,0
488,2013-09-15,0
489,2013-09-15,0
490,2013-08-25,0
491,2013-09-01,0
492,2013-09-13,0
493,2013-09-15,1
494,2013-10-06,0
495,2013-10-11,0
496,2013-10-12,0
497,2013-10-13,0
498,2013-10-14,0
499,2013-10-15,0
500,2013-10-15,0
501,2014-01-21,1
502,2014-01-22,0
503,2014-01-23,0
504,2014-01-24,0
505,2014-01-25,0
506,2014-01-26,1
507,2014-01-26,0
508,2014-03-09,0
509,2014-03-10,0
510,2014-03-11,0
511,2014-03-12,0
512,2014-03-13,0
513,2014-03-14,0
514,2014-03-15,0
515,2014-03-16,0
516,2014-03-16,1
517,2014-03-13,0
518,2014-03-14,0
519,2014-03-15,0
520,2014-03-16,0
521,2014-03-17,0
522,2014-03-18,0
523,2014-03-18,0
524,2014-03-23,1
525,2014-03-24,0
526,2014-03-25,0
527,2014-03-26,0
528,2014-03-27,0
529,2014-03-28,0
530,2014-03-29,0
531,2014-03-30,0
532,2014-03-30,0
533,2014-03-28,1
534,2014-03-30,0
535,2014-04-06,1
536,2014-04-07,1
537,2014-04-08,0
538,2014-04-09,0
539,2014-04-10,0
540,2014-04-11,0
541,2014-04-12,1
542,2014-04-12,0
543,2014-04-13,0
544,2014-04-20,0
545,2014-04-23,1
546,2014-04-27,0
547,2014-04-30,0
548,2014-05-01,0
549,2014-05-02,0
550,2014-05-03,0
551,2014-05-04,0
552,2014-05-04,0
553,2014-05-10,0
554,2014-05-11,1
555,2014-05-13,1
556,2014-05-14,0
557,2014-05-15,0
558,2014-05-16,1
559,2014-05-17,0
560,2014-05-18,0
561,2014-05-20,1
562,2014-05-21,0
563,2014-05-22,0
564,2014-05-23,0
565,2014-05-24,0
566,2014-05-25,0
567,2014-05-27,0
568,2014-05-28,0
569,2014-05-29,0
570,2014-05-30,0
571,2014-05-31,0
572,2014-06-01,0
573,2014-06-01,0
574,2014-06-08,0
575,2014-06-09,0
576,2014-06-10,0
577,2014-06-11,0
578,2014-06-12,0
579,2014-06-13,0
580,2014-06-14,0
581,2014-06-15,0
582,2014-06-15,0
583,2014-06-14,0
584,2014-06-15,0
585,2014-06-16,0
586,2014-06-17,0
587,2014-06-18,0
588,2014-06-19,0
589,2014-06-20,0
590,2014-06-21,0
591,2014-06-22,0
592,2014-06-22,0
593,2014-07-05,0
594,2014-07-06,0
595,2014-07-07,0
596,2014-07-08,1
597,2014-07-09,0
598,2014-07-10,0
599,2014-07-11,0
600,2014-07-12,0
601,2014-07-13,0
602,2014-07-14,0
603,2014-07-16,0
604,2014-07-17,0
605,2014-07-18,0
606,2014-07-19,0
607,2014-07-20,0
608,2014-07-22,0
609,2014-07-23,0
610,2014-07-24,0
611,2014-07-25,0
612,2014-07-26,0
613,2014-07-27,0
614,2014-07-27,0
615,2014-08-02,1
616,2014-08-03,0
617,2014-08-04,0
618,2014-08-05,0
619,2014-08-06,0
620,2014-08-07,0
621,2014-08-08,1
622,2014-08-09,0
623,2014-08-09,1
624,2014-08-11,0
625,2014-08-12,0
626,2014-08-13,0
627,2014-08-14,1
628,2014-08-15,0
629,2014-08-16,0
630,2014-08-17,0
631,2014-08-17,0
632,2014-08-24,0
633,2014-08-25,0
634,2014-08-26,0
635,2014-08-27,0
636,2014-08-28,0
637,2014-08-29,0
638,2014-08-30,0
639,2014-08-31,0
640,2014-09-02,0
641,2014-09-03,0
642,2014-09-04,0
643,2014-09-05,0
644,2014-09-06,0
645,2014-09-07,0
646,2014-09-08,0
647,2014-09-10,1
648,2014-09-11,0
649,2014-09-12,0
650,2014-09-13,0
651,2014-09-14,0
652,2014-09-14,0
653,2014-08-24,1
654,2014-08-31,0
655,2014-09-12,1
656,2014-09-14,1
657,2014-10-05,0
658,2014-10-10,1
659,2014-10-11,0
660,2014-10-12,0
661,2014-10-13,0
662,2014-10-14,0
663,2014-10-14,0
664,2015-01-20,1
665,2015-01-21,0
666,2015-01-22,1
667,2015-01-23,1
668,2015-01-24,0
669,2015-01-25,1
670,2015-01-25,0
671,2015-03-09,0
672,2015-03-10,0
673,2015-03-11,0
674,2015-03-12,1
675,2015-03-13,0
676,2015-03-14,0
677,2015-03-15,1
678,2015-03-15,1
679,2015-03-12,1
680,2015-03-13,0
681,2015-03-14,0
682,2015-03-15,0
683,2015-03-16,1
684,2015-03-17,0
685,2015-03-17,0
686,2015-03-22,1
687,2015-03-23,0
688,2015-03-24,0
689,2015-03-25,0
690,2015-03-26,0
691,2015-03-27,0
692,2015-03-28,0
693,2015-03-29,1
694,2015-03-29,0
695,2015-03-27,0
696,2015-03-29,0
697,2015-04-05,1
698,2015-04-06,1
699,2015-04-07,0
700,2015-04-08,0
701,2015-04-09,0
702,2015-04-10,0
703,2015-04-11,0
704,2015-04-11,0
705,2015-04-12,0
706,2015-04-19,0
707,2015-04-22,1
708,2015-04-26,1
709,2015-04-29,0
710,2015-04-30,1
711,2015-05-01,0
712,2015-05-02,0
713,2015-05-03,0
714,2015-05-03,0
715,2015-05-10,0
716,2015-05-11,0
717,2015-05-12,0
718,2015-05-13,0
719,2015-05-14,0
720,2015-05-15,0
721,2015-05-16,0
722,2015-05-17,0
723,2015-05-19,0
724,2015-05-20,0
725,2015-05-21,0
726,2015-05-22,0
727,2015-05-23,0
728,2015-05-24,0
729,2015-05-26,0
730,2015-05-27,0
731,2015-05-28,0
732,2015-05-29,0
733,2015-05-30,1
734,2015-05-31,0
735,2015-05-31,0
736,2015-06-07,0
737,2015-06-08,0
738,2015-06-10,1
739,2015-06-11,0
740,2015-06-12,0
741,2015-06-13,0
742,2015-06-14,0
743,2015-06-14,0
744,2015-06-14,0
745,2015-06-15,0
746,2015-06-16,1
747,2015-06-17,0
748,2015-06-18,1
749,2015-06-19,0
750,2015-06-20,0
751,2015-06-21,0
752,2015-06-21,0
753,2015-07-04,0
754,2015-07-05,0
755,2015-07-06,0
756,2015-07-07,0
757,2015-07-08,0
758,2015-07-09,0
759,2015-07-10,0
760,2015-07-11,0
761,2015-07-14,0
762,2015-07-15,0
763,2015-07-16,0
764,2015-07-17,0
765,2015-07-18,0
766,2015-07-19,0
767,2015-07-20,0
768,2015-07-22,0
769,2015-07-23,0
770,2015-07-24,0
771,2015-07-25,0
772,2015-07-26,0
773,2015-07-26,0
774,2015-08-01,0
775,2015-08-02,0
776,2015-08-03,0
777,2015-08-04,0
778,2015-08-05,0
779,2015-08-06,0
780,2015-08-07,0
781,2015-08-08,0
782,2015-08-08,0
783,2015-08-10,0
784,2015-08-11,1
785,2015-08-12,0
786,2015-08-13,0
787,2015-08-14,0
788,2015-08-15,0
789,2015-08-16,0
790,2015-08-16,0
791,2015-08-23,0
792,2015-08-23,0
793,2015-08-24,1
794,2015-08-25,0
795,2015-08-26,0
796,2015-08-27,0
797,2015-08-28,0
798,2015-08-29,0
799,2015-08-30,0
800,2015-08-31,0
801,2015-09-02,0
802,2015-09-03,0
803,2015-09-04,0
804,2015-09-05,0
805,2015-09-06,0
806,2015-09-07,0
807,2015-09-09,0
808,2015-09-10,0
809,2015-09-11,0
810,2015-09-12,0
811,2015-09-13,0
812,2015-09-13,1
813,2015-08-30,1
814,2015-09-11,0
815,2015-09-13,0
816,2015-10-04,0
817,2016-01-19,1
818,2016-01-20,0
819,2016-01-21,0
820,2016-01-22,0
821,2016-01-23,0
822,2016-01-24,1
823,2016-01-24,1
824,2016-03-07,0
825,2016-03-08,0
826,2016-03-09,0
827,2016-03-10,1
828,2016-03-11,0
829,2016-03-12,0
830,2016-03-13,0
831,2016-03-13,0
832,2016-03-10,0
833,2016-03-11,0
834,2016-03-12,0
835,2016-03-14,0
836,2016-03-15,0
837,2016-03-15,0
838,2016-03-19,1
839,2016-03-21,1
840,2016-03-22,1
841,2016-03-23,0
842,2016-03-24,0
843,2016-03-25,0
844,2016-03-26,0
845,2016-03-27,0
846,2016-03-27,0
847,2016-03-25,0
848,2016-03-27,1
849,2016-04-03,1
850,2016-04-04,0
851,2016-04-05,0
852,2016-04-06,0
853,2016-04-07,0
854,2016-04-08,0
855,2016-04-09,1
856,2016-04-09,1
857,2016-04-10,0
858,2016-04-17,0
859,2016-04-20,0
860,2016-04-24,1
861,2016-04-27,0
862,2016-04-28,0
863,2016-04-29,0
864,2016-04-30,0
865,2016-05-01,0
866,2016-05-01,0
867,2016-05-06,0
868,2016-05-07,0
869,2016-05-08,1
870,2016-05-10,0
871,2016-05-11,0
872,2016-05-12,0
873,2016-05-13,0
874,2016-05-14,0
875,2016-05-15,0
876,2016-05-17,0
877,2016-05-18,0
878,2016-05-19,1
879,2016-05-20,0
880,2016-05-21,0
881,2016-05-22,0
882,2016-05-24,0
883,2016-05-25,0
884,2016-05-26,0
885,2016-05-27,0
886,2016-05-28,0
887,2016-05-29,0
888,2016-05-29,0
889,2016-06-06,1
890,2016-06-07,0
891,2016-06-08,0
892,2016-06-09,0
893,2016-06-10,0
894,2016-06-11,0
895,2016-06-12,1
896,2016-06-12,0
897,2016-06-11,1
898,2016-06-12,0
899,2016-06-13,1
900,2016-06-14,0
901,2016-06-15,0
902,2016-06-16,0
903,2016-06-17,0
904,2016-06-18,0
905,2016-06-19,0
906,2016-06-19,0
907,2016-07-02,0
908,2016-07-03,1
909,2016-07-04,0
910,2016-07-05,0
911,2016-07-06,0
912,2016-07-07,0
913,2016-07-08,0
914,2016-07-09,0
915,2016-07-10,0
916,2016-07-12,0
917,2016-07-13,1
918,2016-07-14,0
919,2016-07-15,0
920,2016-07-16,0
921,2016-07-17,0
922,2016-07-18,1
923,2016-07-20,0
924,2016-07-21,0
925,2016-07-22,0
926,2016-07-23,0
927,2016-07-24,0
928,2016-07-24,0
929,2016-07-12,0
930,2016-07-13,0
931,2016-07-14,0
932,2016-07-15,0
933,2016-07-16,0
934,2016-07-18,0
935,2016-07-18,0
936,2016-07-30,0
937,2016-08-21,0
938,2016-08-22,0
939,2016-08-23,0
940,2016-08-24,0
941,2016-08-25,0
942,2016-08-26,0
943,2016-08-27,0
944,2016-08-28,0
945,2016-08-29,0
946,2016-08-31,0
947,2016-09-01,0
948,2016-09-02,0
949,2016-09-03,0
950,2016-09-04,0
951,2016-09-05,0
952,2016-09-07,0
953,2016-09-08,0
954,2016-09-09,0
955,2016-09-10,0
956,2016-09-11,0
957,2016-09-11,0
958,2016-08-21,0
959,2016-08-28,0
960,2016-09-09,1
961,2016-09-11,0
962,2016-09-19,0
963,2016-09-20,0
964,2016-09-21,1
965,2016-09-22,1
966,2016-09-24,0
967,2016-09-25,0
968,2016-09-25,0
969,2016-10-01,0
970,2017-01-17,1
971,2017-01-18,0
972,2017-01-19,1
973,2017-01-20,1
974,2017-01-21,0
975,2017-01-22,1
976,2017-01-22,0
977,2017-01-29,1
978,2017-02-23,0
979,2017-02-24,0
980,2017-02-25,0
981,2017-02-26,0
982,2017-02-26,1
983,2017-02-25,1
984,2017-03-04,0
985,2017-03-05,0
986,2017-03-06,0
987,2017-03-07,0
988,2017-03-08,0
989,2017-03-09,0
990,2017-03-10,0
991,2017-03-11,1
992,2017-03-12,0
993,2017-03-12,0
994,2017-03-09,0
995,2017-03-10,0
996,2017-03-11,0
997,2017-03-12,0
998,2017-03-13,0
999,2017-03-14,0
1000,2017-03-14,0
1001,2017-03-18,1
1002,2017-03-20,0
1003,2017-03-22,0
1004,2017-03-23,0
1005,2017-03-24,0
1006,2017-03-25,0
1007,2017-03-26,0
1008,2017-03-26,0
1009,2017-03-22,1
1010,2017-03-24,1
1011,2017-03-26,1
1012,2017-04-02,0
1013,2017-04-03,0
1014,2017-04-04,0
1015,2017-04-05,0
1016,2017-04-06,0
1017,2017-04-07,0
1018,2017-04-08,0
1019,2017-04-08,0
1020,2017-04-09,1
1021,2017-04-16,0
1022,2017-04-19,0
1023,2017-04-23,0
1024,2017-04-26,0
1025,2017-04-27,0
1026,2017-04-28,0
1027,2017-04-29,0
1028,2017-04-30,1
1029,2017-04-30,0
1030,2017-05-01,0
1031,2017-05-05,0
1032,2017-05-06,0
1033,2017-05-07,0
1034,2017-05-09,0
1035,2017-05-10,0
1036,2017-05-11,0
1037,2017-05-12,1
1038,2017-05-13,0
1039,2017-05-14,0
1040,2017-05-16,0
1041,2017-05-17,0
1042,2017-05-18,0
1043,2017-05-19,1
1044,2017-05-20,0
1045,2017-05-21,0
1046,2017-05-23,0
1047,2017-05-24,0
1048,2017-05-25,0
1049,2017-05-26,0
1050,2017-05-27,0
1051,2017-05-28,0
1052,2017-05-28,0
1053,2017-05-14,0
1054,2017-05-15,0
1055,2017-05-16,1
1056,2017-05-17,0
1057,2017-05-18,0
1058,2017-05-19,0
1059,2017-05-20,0
1060,2017-05-20,0
1061,2017-06-04,0
1062,2017-06-05,0
1063,2017-06-06,0
1064,2017-06-07,0
1065,2017-06-08,0
1066,2017-06-09,0
1067,2017-06-10,0
1068,2017-06-11,0
1069,2017-06-11,0
1070,2017-06-10,0
1071,2017-06-11,0
1072,2017-06-12,0
1073,2017-06-13,0
1074,2017-06-14,1
1075,2017-06-15,0
1076,2017-06-16,0
1077,2017-06-17,1
1078,2017-06-18,0
1079,2017-06-18,0
1080,2017-07-01,0
1081,2017-07-02,0
1082,2017-07-03,1
1083,2017-07-04,0
1084,2017-07-05,0
1085,2017-07-06,0
1086,2017-07-07,0
1087,2017-07-08,0
1088,2017-07-09,0
1089,2017-07-11,1
1090,2017-07-12,1
1091,2017-07-13,0
1092,2017-07-14,0
1093,2017-07-15,0
1094,2017-07-16,0
1095,2017-07-18,0
1096,2017-07-19,0
1097,2017-07-20,0
1098,2017-07-21,0
1099,2017-07-22,0
1100,2017-07-23,0
1101,2017-07-23,0
1102,2017-07-29,0
1103,2017-07-29,1
1104,2017-07-30,0
1105,2017-07-31,0
1106,2017-08-01,0
1107,2017-08-02,0
1108,2017-08-03,0
1109,2017-08-04,0
1110,2017-08-04,0
1111,2017-07-30,1
1112,2017-08-07,0
1113,2017-08-08,0
1114,2017-08-09,1
1115,2017-08-10,0
1116,2017-08-11,0
1117,2017-08-12,0
1118,2017-08-13,0
1119,2017-08-13,0
1120,2017-08-20,0
1121,2017-08-21,0
1122,2017-08-22,0
1123,2017-08-23,0
1124,2017-08-24,0
1125,2017-08-25,0
1126,2017-08-26,0
1127,2017-08-27,0
1128,2017-08-29,1
1129,2017-08-30,0
1130,2017-08-31,0
1131,2017-09-01,1
1132,2017-09-02,0
1133,2017-09-03,0
1134,2017-09-05,0
1135,2017-09-06,0
1136,2017-09-07,0
1137,2017-09-08,0
1138,2017-09-09,0
1139,2017-09-10,1
1140,2017-09-10,0
1141,2017-08-20,0
1142,2017-08-27,0
1143,2017-09-08,0
1144,2017-09-10,0
1145,2017-10-07,0
1146,2017-10-10,1
1147,2017-10-11,1
1148,2017-10-12,1
1149,2017-10-13,0
1150,2017-10-14,1
1151,2017-10-15,0
1152,2017-10-15,0
1153,2017-10-19,0
1154,2017-10-20,0
1155,2017-10-21,0
1156,2017-10-22,0
1157,2017-10-23,0
1158,2017-10-24,1
1159,2017-10-24,0
1160,2018-01-16,1
1161,2018-01-17,1
1162,2018-01-18,0
1163,2018-01-19,0
1164,2018-01-20,0
1165,2018-01-21,0
1166,2018-01-21,0
1167,2018-01-28,1
1168,2018-02-21,0
1169,2018-02-22,0
1170,2018-02-23,0
1171,2018-02-24,0
1172,2018-02-25,0
1173,2018-02-25,0
1174,2018-02-24,1
1175,2018-03-03,1
1176,2018-03-04,0
1177,2018-03-05,0
1178,2018-03-06,0
1179,2018-03-07,0
1180,2018-03-08,0
1181,2018-03-09,0
1182,2018-03-10,0
1183,2018-03-11,0
1184,2018-03-11,0
1185,2018-03-08,0
1186,2018-03-09,0
1187,2018-03-10,0
1188,2018-03-11,0
1189,2018-03-12,0
1190,2018-03-13,0
1191,2018-03-13,0
1192,2018-03-17,1
1193,2018-03-19,0
1194,2018-03-20,0
1195,2018-03-21,0
1196,2018-03-22,0
1197,2018-03-23,0
1198,2018-03-24,0
1199,2018-03-25,0
1200,2018-03-25,0
1201,2018-03-23,0
1202,2018-03-25,1
1203,2018-03-28,0
1204,2018-04-01,1
1205,2018-04-02,0
1206,2018-04-03,0
1207,2018-04-04,0
1208,2018-04-05,0
1209,2018-04-06,0
1210,2018-04-07,0
1211,2018-04-07,0
1212,2018-04-08,1
1213,2018-04-15,0
1214,2018-04-18,0
1215,2018-04-22,0
1216,2018-04-25,0
1217,2018-04-26,0
1218,2018-04-27,0
1219,2018-04-28,0
1220,2018-04-29,0
1221,2018-04-29,1
1222,2018-05-01,0
1223,2018-05-04,0
1224,2018-05-05,1
1225,2018-05-06,1
1226,2018-05-08,0
1227,2018-05-09,0
1228,2018-05-10,0
1229,2018-05-11,0
1230,2018-05-12,0
1231,2018-05-13,0
1232,2018-05-15,0
1233,2018-05-16,0
1234,2018-05-17,0
1235,2018-05-18,1
1236,2018-05-19,0
1237,2018-05-20,0
1238,2018-05-22,0
1239,2018-05-23,1
1240,2018-05-24,0
1241,2018-05-25,0
1242,2018-05-26,0
1243,2018-05-27,0
1244,2018-05-27,0
1245,2018-05-13,0
1246,2018-05-14,0
1247,2018-05-15,0
1248,2018-05-16,0
1249,2018-05-17,0
1250,2018-05-18,0
1251,2018-05-19,0
1252,2018-05-19,0
1253,2018-06-04,1
1254,2018-06-05,0
1255,2018-06-07,0
1256,2018-06-08,0
1257,2018-06-09,0
1258,2018-06-10,0
1259,2018-06-10,0
1260,2018-06-10,1
1261,2018-06-11,0
1262,2018-06-12,0
1263,2018-06-13,0
1264,2018-06-14,0
1265,2018-06-15,0
1266,2018-06-16,0
1267,2018-06-17,0
1268,2018-06-17,0
1269,2018-07-07,0
1270,2018-07-08,1
1271,2018-07-10,0
1272,2018-07-11,1
1273,2018-07-12,0
1274,2018-07-13,0
1275,2018-07-14,0
1276,2018-07-15,0
1277,2018-07-17,0
1278,2018-07-18,0
1279,2018-07-19,0
1280,2018-07-20,1
1281,2018-07-21,0
1282,2018-07-22,0
1283,2018-07-24,0
1284,2018-07-25,0
1285,2018-07-26,0
1286,2018-07-27,0
1287,2018-07-28,0
1288,2018-07-29,0
1289,2018-07-29,0
1290,2018-07-29,0
1291,2018-08-04,0
1292,2018-08-05,0
1293,2018-08-06,0
1294,2018-08-07,0
1295,2018-08-08,0
1296,2018-08-09,0
1297,2018-08-10,0
1298,2018-08-10,0
1299,2018-08-04,1
1300,2018-08-13,0
1301,2018-08-14,0
1302,2018-08-15,0
1303,2018-08-16,0
1304,2018-08-17,0
1305,2018-08-18,0
1306,2018-08-19,0
1307,2018-08-19,0
1308,2018-08-19,0
1309,2018-08-25,0
1310,2018-08-26,0
1311,2018-08-27,0
1312,2018-08-28,0
1313,2018-08-29,0
1314,2018-08-30,0
1315,2018-08-31,0
1316,2018-09-01,0
1317,2018-09-02,0
1318,2018-09-04,0
1319,2018-09-05,0
1320,2018-09-06,0
1321,2018-09-07,0
1322,2018-09-08,0
1323,2018-09-09,0
1324,2018-09-11,0
1325,2018-09-12,0
1326,2018-09-13,0
1327,2018-09-14,0
1328,2018-09-15,0
1329,2018-09-16,0
1330,2018-09-16,0
1331,2018-08-26,0
1332,2018-09-07,0
1333,2018-09-09,1
1334,2018-10-09,0
1335,2018-10-10,1
1336,2018-10-11,1
1337,2018-10-12,0
1338,2018-10-13,0
1339,2018-10-14,1
1340,2018-10-14,0
1341,2018-10-13,0
1342,2018-10-16,0
1343,2018-10-17,0
1344,2018-10-18,0
1345,2018-10-19,0
1346,2018-10-20,0
1347,2018-10-21,0
1348,2018-10-21,0
1349,2019-01-15,1
1350,2019-01-16,0
1351,2019-01-17,0
1352,2019-01-18,0
1353,2019-01-19,1
1354,2019-01-20,0
1355,2019-01-20,0
1356,2019-01-27,1
1357,2019-02-25,0
1358,2019-02-26,0
1359,2019-02-27,0
1360,2019-02-28,1
1361,2019-03-01,0
1362,2019-03-02,0
1363,2019-03-02,0
1364,2019-03-02,1
1365,2019-03-09,0
1366,2019-03-10,0
1367,2019-03-11,0
1368,2019-03-12,0
1369,2019-03-13,0
1370,2019-03-14,0
1371,2019-03-15,1
1372,2019-03-16,0
1373,2019-03-17,0
1374,2019-03-17,0
1375,2019-03-14,0
1376,2019-03-15,0
1377,2019-03-16,0
1378,2019-03-17,0
1379,2019-03-18,0
1380,2019-03-19,0
1381,2019-03-19,1
1382,2019-03-23,1
1383,2019-03-25,0
1384,2019-03-26,0
1385,2019-03-27,0
1386,2019-03-28,0
1387,2019-03-29,0
1388,2019-03-30,0
1389,2019-03-31,0
1390,2019-03-31,0
1391,2019-03-27,0
1392,2019-03-29,1
1393,2019-03-31,0
1394,2019-04-03,0
1395,2019-04-07,0
1396,2019-04-08,0
1397,2019-04-09,0
1398,2019-04-10,0
1399,2019-04-11,0
1400,2019-04-12,0
1401,2019-04-13,1
1402,2019-04-13,0
1403,2019-04-14,0
1404,2019-04-16,1
1405,2019-04-17,1
1406,2019-04-18,0
1407,2019-04-19,0
1408,2019-04-20,0
1409,2019-04-21,0
1410,2019-04-21,0
1411,2019-04-21,1
1412,2019-04-24,1
1413,2019-04-28,0
1414,2019-05-01,0
1415,2019-05-01,1
1416,2019-05-02,0
1417,2019-05-03,0
1418,2019-05-04,1
1419,2019-05-05,1
1420,2019-05-05,1
1421,2019-05-11,0
1422,2019-05-12,0
1423,2019-05-13,0
1424,2019-05-14,0
1425,2019-05-15,0
1426,2019-05-16,0
1427,2019-05-17,0
1428,2019-05-18,1
1429,2019-05-19,0
1430,2019-05-21,0
1431,2019-05-22,1
1432,2019-05-23,0
1433,2019-05-24,0
1434,2019-05-25,0
1435,2019-05-26,0
1436,2019-05-28,0
1437,2019-05-29,0
1438,2019-05-30,0
1439,2019-05-31,0
1440,2019-06-01,0
1441,2019-06-02,0
1442,2019-06-02,0
1443,2019-05-12,0
1444,2019-05-13,0
1445,2019-05-14,0
1446,2019-05-15,1
1447,2019-05-16,0
1448,2019-05-17,0
1449,2019-05-18,0
1450,2019-05-18,0
1451,2019-06-09,0
1452,2019-06-10,0
1453,2019-06-11,0
1454,2019-06-12,0
1455,2019-06-13,0
1456,2019-06-14,0
1457,2019-06-15,0
1458,2019-06-16,1
1459,2019-06-16,0
1460,2019-06-15,0
1461,2019-06-16,0
1462,2019-06-17,0
1463,2019-06-18,1
1464,2019-06-19,1
1465,2019-06-20,0
1466,2019-06-21,0
1467,2019-06-22,0
1468,2019-06-23,0
1469,2019-06-23,0
1470,2019-07-06,0
1471,2019-07-08,0
1472,2019-07-09,0
1473,2019-07-10,0
1474,2019-07-11,0
1475,2019-07-12,0
1476,2019-07-13,0
1477,2019-07-14,0
1478,2019-07-15,0
1479,2019-07-17,1
1480,2019-07-18,0
1481,2019-07-19,0
1482,2019-07-20,0
1483,2019-07-21,0
1484,2019-07-23,1
1485,2019-07-24,0
1486,2019-07-25,0
1487,2019-07-26,0
1488,2019-07-27,0
1489,2019-07-28,0
1490,2019-07-28,1
1491,2019-08-03,0
1492,2019-08-03,1
1493,2019-08-04,0
1494,2019-08-05,1
1495,2019-08-07,0
1496,2019-08-08,0
1497,2019-08-09,0
1498,2019-08-09,0
1499,2019-08-04,0
1500,2019-08-12,1
1501,2019-08-13,1
1502,2019-08-14,1
1503,2019-08-15,0
1504,2019-08-16,0
1505,2019-08-17,0
1506,2019-08-18,0
1507,2019-08-18,0
1508,2019-08-25,1
1509,2019-08-25,0
1510,2019-08-26,0
1511,2019-08-27,0
1512,2019-08-28,0
1513,2019-08-29,0
1514,2019-08-30,0
1515,2019-08-31,0
1516,2019-09-01,0
1517,2019-09-03,1
1518,2019-09-04,0
1519,2019-09-05,0
1520,2019-09-06,0
1521,2019-09-07,0
1522,2019-09-08,0
1523,2019-09-09,0
1524,2019-09-11,0
1525,2019-09-12,0
1526,2019-09-13,0
1527,2019-09-14,0
1528,2019-09-15,1
1529,2019-09-15,0
1530,2019-09-01,0
1531,2019-09-13,0
1532,2019-09-15,1
1533,2019-10-12,0
1534,2019-10-17,1
1535,2019-10-18,0
1536,2019-10-19,1
1537,2019-10-20,0
1538,2019-10-21,0
1539,2019-10-22,0
1540,2019-10-22,1
1541,2020-01-21,1
1542,2020-01-22,0
1543,2020-01-23,0
1544,2020-01-24,0
1545,2020-01-25,0
1546,2020-01-26,0
1547,2020-01-26,0
1548,2020-02-02,1
1549,2020-02-23,0
1550,2020-02-24,0
1551,2020-02-25,0
1552,2020-02-26,0
1553,2020-02-27,0
1554,2020-02-29,1
1555,2020-03-08,0
1556,2020-03-09,1
1557,2020-03-10,0
1558,2020-03-11,0
1559,2020-03-12,0
1560,2020-03-13,0
1561,2020-03-14,0
1562,2020-08-01,1
1563,2020-08-05,0
1564,2020-08-06,0
1565,2020-08-07,0
1566,2020-08-08,0
1567,2020-08-09,0
1568,2020-08-09,0
1569,2020-08-08,1
1570,2020-08-12,0
1571,2020-08-13,0
1572,2020-08-14,0
1573,2020-08-15,0
1574,2020-08-16,0
1575,2020-08-16,0
1576,2020-08-15,1
1577,2020-08-25,1
1578,2020-08-29,0
1579,2020-08-30,0
1580,2020-08-31,0
1581,2020-09-01,0
1582,2020-09-02,0
1583,2020-09-03,0
1584,2020-09-04,0
1585,2020-09-05,0
1586,2020-09-06,0
1587,2020-09-08,1
1588,2020-09-09,0
1589,2020-09-10,0
1590,2020-09-11,0
1591,2020-09-12,0
1592,2020-09-13,0
1593,2020-09-15,0
1594,2020-09-16,0
1595,2020-09-17,0
1596,2020-09-18,0
1597,2020-09-19,0
1598,2020-09-20,0
1599,2020-09-20,1
1600,2020-09-07,1
1601,2020-09-08,1
1602,2020-09-09,0
1603,2020-09-10,0
1604,2020-09-11,0
1605,2020-09-12,0
1606,2020-09-13,0
1607,2020-09-14,0
1608,2020-09-14,0
1609,2020-09-29,0
1610,2020-10-01,1
1611,2020-10-02,0
1612,2020-10-03,0
1613,2020-10-03,0
1614,2020-09-30,1
1615,2020-10-03,0
1616,2020-10-04,0
1617,2020-10-05,0
1618,2020-10-06,0
1619,2020-10-07,0
1620,2020-10-08,0
1621,2020-10-09,0
1622,2020-10-10,0
1623,2020-10-11,0
1624,2020-10-13,1
1625,2020-10-14,0
1626,2020-10-15,0
1627,2020-10-16,0
1628,2020-10-17,0
1629,2020-10-18,0
1630,2020-10-20,0
1631,2020-10-21,0
1632,2020-10-22,0
1633,2020-10-23,0
1634,2020-10-24,0
1635,2020-10-25,0
1636,2020-10-25,0
1637,2020-10-04,0
1638,2020-10-11,0
1639,2020-10-18,0
1640,2020-10-20,1
1641,2020-10-21,0
1642,2020-10-22,0
1643,2020-10-23,0
1644,2020-10-24,0
1645,2020-10-25,0
1646,2020-10-27,0
1647,2020-10-28,1
1648,2020-10-29,0
1649,2020-10-30,1
1650,2020-10-31,0
1651,2020-11-01,0
1652,2020-11-03,1
1653,2020-11-04,0
1654,2020-11-05,0
1655,2020-11-06,0
1656,2020-11-07,0
1657,2020-11-08,1
1658,2020-11-08,0
1659,2020-10-21,0
